datetime,close,adj_close
1980-01-01,14.49,4.74007
1980-01-08,14.98,4.900362
1980-01-15,15.21,4.975602
1980-01-22,15.6,5.10318
1980-01-29,15.57,5.093368
1980-02-05,15.98,5.227489
1980-02-12,15.76,5.155521
1980-02-19,15.51,5.07374
1980-02-26,15.41,5.041028
1980-03-04,14.63,4.785868
1980-03-11,14.05,4.596132
1980-03-18,13.65,4.465283
1980-03-25,13.88,4.540522
1980-04-01,13.62,4.508628
1980-04-08,13.99,4.631109
1980-04-15,13.59,4.498697
1980-04-22,14.38,4.760211
1980-04-29,14.52,4.806557
1980-05-06,14.34,4.746971
1980-05-13,14.74,4.879384
1980-05-20,15.18,5.025033
1980-05-27,15.22,5.038275
1980-06-03,15.63,5.173998
1980-06-10,15.96,5.283237
1980-06-17,15.75,5.213722
1980-06-24,15.55,5.147519
1980-07-01,16.1,5.383487
1980-07-08,16.34,5.463737
1980-07-15,16.68,5.577427
1980-07-22,16.530001,5.52727
1980-07-29,16.5,5.517235
1980-08-05,17.059999,5.704488
1980-08-12,16.879999,5.644302
1980-08-19,17.25,5.768021
1980-08-26,16.790001,5.614205
1980-09-02,16.92,5.657676
1980-09-09,17.25,5.768021
1980-09-16,17.91,5.988709
1980-09-23,16.98,5.677739
1980-09-30,17.959999,6.005429
1980-10-07,18.01,6.079432
1980-10-14,18.09,6.106441
1980-10-21,17.450001,5.8904
1980-10-28,17.65,5.95791
1980-11-04,17.76,5.995042
1980-11-11,18.9,6.37986
1980-11-18,19.02,6.420367
1980-11-25,18.889999,6.376483
1980-12-02,18,6.07606
1980-12-09,17.85,6.025427
1980-12-16,18.719999,6.319102
1980-12-23,18.629999,6.288718
1980-12-30,18.139999,6.123313
1981-01-06,17.549999,6.037581
1981-01-13,17.67,6.078866
1981-01-20,17.08,5.875895
1981-01-27,16.73,5.755486
1981-02-03,17.09,5.879335
1981-02-10,16.809999,5.783009
1981-02-17,16.889999,5.810531
1981-02-24,17.51,6.023827
1981-03-03,17.41,5.98942
1981-03-10,17.879999,6.151111
1981-03-17,18.01,6.195834
1981-03-24,17.65,6.071984
1981-03-31,17.610001,6.119115
1981-04-07,17.51,6.084366
1981-04-14,17.18,5.969696
1981-04-21,17.83,6.19556
1981-04-28,17.23,5.987069
1981-05-05,17.15,5.959274
1981-05-12,17.540001,6.09479
1981-05-19,17.41,6.049614
1981-05-26,17.58,6.108687
1981-06-02,17.57,6.105207
1981-06-09,17.77,6.174706
1981-06-16,17.549999,6.098263
1981-06-23,17.540001,6.09479
1981-06-30,16.77,5.827231
1981-07-07,17.08,5.996488
1981-07-14,16.959999,5.954354
1981-07-21,17.129999,6.01404
1981-07-28,17.24,6.052655
1981-08-04,17.450001,6.126385
1981-08-11,17.42,6.115853
1981-08-18,16.66,5.849031
1981-08-25,16.33,5.733171
1981-09-01,15.98,5.610297
1981-09-08,16.09,5.648914
1981-09-15,15.64,5.490923
1981-09-22,15.42,5.413689
1981-09-29,15.78,5.540076
1981-10-06,16.01,5.686954
1981-10-13,15.71,5.580391
1981-10-20,15.61,5.544865
1981-10-27,16.440001,5.839696
1981-11-03,16.370001,5.814832
1981-11-10,15.98,5.676299
1981-11-17,16.200001,5.754446
1981-11-24,16.84,5.981785
1981-12-01,16.700001,5.932049
1981-12-08,16.389999,5.82193
1981-12-15,16.48,5.853905
1981-12-22,16.34,5.804173
1981-12-29,15.55,5.523556
1982-01-05,14.8,5.352134
1982-01-12,14.86,5.373834
1982-01-19,14.64,5.294276
1982-01-26,14.98,5.417232
1982-02-02,14.64,5.294276
1982-02-09,14.61,5.283426
1982-02-16,14.31,5.174938
1982-02-23,14.54,5.258111
1982-03-02,13.8,4.990508
1982-03-09,14.09,5.095378
1982-03-16,14.51,5.247265
1982-03-23,14.45,5.225565
1982-03-30,14.6,5.279807
1982-04-06,14.76,5.405
1982-04-13,14.85,5.437953
1982-04-20,15.18,5.5588
1982-04-27,14.88,5.44894
1982-05-04,15.15,5.547812
1982-05-11,14.95,5.474574
1982-05-18,14.75,5.401336
1982-05-25,14.4,5.273169
1982-06-01,14.19,5.19627
1982-06-08,14.19,5.19627
1982-06-15,13.84,5.068101
1982-06-22,14.25,5.218243
1982-06-29,13.74,5.031484
1982-07-06,13.98,5.184862
1982-07-13,14.13,5.240494
1982-07-20,14.09,5.225661
1982-07-27,13.95,5.173737
1982-08-03,13.24,4.910415
1982-08-10,13.38,4.962337
1982-08-17,14.91,5.52978
1982-08-24,15.14,5.615081
1982-08-31,15.8,5.859856
1982-09-07,15.77,5.848733
1982-09-14,15.8,5.859856
1982-09-21,15.95,5.915489
1982-09-28,15.51,5.752306
1982-10-05,17.139999,6.429392
1982-10-12,17.43,6.538177
1982-10-19,16.99,6.373122
1982-10-26,17.299999,6.489407
1982-11-02,17.969999,6.740733
1982-11-09,17.540001,6.579441
1982-11-16,17.209999,6.455649
1982-11-23,17.25,6.470649
1982-11-30,18.209999,6.83076
1982-12-07,18,6.751984
1982-12-14,17.57,6.590689
1982-12-21,18.290001,6.860771
1982-12-28,17.27,6.478155
1983-01-04,18.309999,6.978932
1983-01-11,18.299999,6.975115
1983-01-18,17.48,6.662567
1983-01-25,18.16,6.92175
1983-02-01,18.41,7.01704
1983-02-08,18.67,7.116143
1983-02-15,18.57,7.078029
1983-02-22,18.610001,7.093271
1983-03-01,19.32,7.363894
1983-03-08,18.98,7.234298
1983-03-15,19.02,7.249547
1983-03-22,19.120001,7.287663
1983-03-29,19.09,7.276225
1983-04-05,19.370001,7.453112
1983-04-12,19.940001,7.672432
1983-04-19,19.82,7.626263
1983-04-26,20.25,7.791716
1983-05-03,20.77,7.991801
1983-05-10,20.43,7.860981
1983-05-17,20.469999,7.876369
1983-05-24,20.6,7.926387
1983-05-31,20.66,7.949478
1983-06-07,20.67,7.953328
1983-06-14,21.200001,8.157258
1983-06-21,21.15,8.138014
1983-06-28,21.030001,8.091846
1983-07-05,20.93,8.122492
1983-07-12,20.42,7.924571
1983-07-19,21.120001,8.196227
1983-07-26,20.209999,7.843076
1983-08-02,19.91,7.72665
1983-08-09,20.5,7.955616
1983-08-16,20.6,7.994426
1983-08-23,20.35,7.897411
1983-08-30,20.700001,8.033233
1983-09-06,20.77,8.0604
1983-09-13,21.030001,8.161306
1983-09-20,21.370001,8.293253
1983-09-27,20.67,8.021596
1983-10-04,21.52,8.423078
1983-10-11,21.25,8.317399
1983-10-18,20.700001,8.10213
1983-10-25,20.41,7.988616
1983-11-01,20.27,7.933815
1983-11-08,20.860001,8.164748
1983-11-15,20.799999,8.141266
1983-11-22,20.879999,8.17258
1983-11-29,20.809999,8.145176
1983-12-06,20.799999,8.141266
1983-12-13,20.4,7.984701
1983-12-20,20.52,8.031667
1983-12-27,19.700001,7.710715
1984-01-03,20.200001,8.034448
1984-01-10,20,7.954895
1984-01-17,19.73,7.847503
1984-01-24,19.52,7.763978
1984-01-31,19,7.557153
1984-02-07,18.639999,7.413959
1984-02-14,18.76,7.46169
1984-02-21,19.219999,7.644653
1984-02-28,19.059999,7.581017
1984-03-06,18.889999,7.513396
1984-03-13,19.07,7.584994
1984-03-20,18.959999,7.541237
1984-03-27,18.940001,7.53328
1984-04-03,18.65,7.488741
1984-04-10,19,7.629279
1984-04-17,18.82,7.557005
1984-04-24,19.209999,7.713595
1984-05-01,19.190001,7.705562
1984-05-08,19,7.629279
1984-05-15,18.68,7.500787
1984-05-22,18.32,7.356228
1984-05-29,18.66,7.49275
1984-06-05,18.52,7.436537
1984-06-12,18.370001,7.376307
1984-06-19,18.67,7.496766
1984-06-26,18.389999,7.384334
1984-07-03,18.43,7.473546
1984-07-10,18.219999,7.388391
1984-07-17,17.91,7.262687
1984-07-24,18.07,7.327565
1984-07-31,19.59,7.943944
1984-08-07,19.969999,8.09803
1984-08-14,19.93,8.081815
1984-08-21,20.120001,8.158859
1984-08-28,20.16,8.175079
1984-09-04,19.889999,8.065598
1984-09-11,20.450001,8.292676
1984-09-18,20.049999,8.130475
1984-09-25,19.799999,8.029099
1984-10-02,19.51,7.982421
1984-10-09,19.950001,8.162444
1984-10-16,20.15,8.244272
1984-10-23,19.85,8.121529
1984-10-30,20.370001,8.33428
1984-11-06,20.23,8.277
1984-11-13,19.870001,8.129711
1984-11-20,20.059999,8.207447
1984-11-27,19.75,8.080613
1984-12-04,19.77,8.088796
1984-12-11,19.870001,8.129711
1984-12-18,20.280001,8.297457
1984-12-25,19.52,7.986513
1985-01-01,19.16,7.973691
1985-01-08,19.9,8.281656
1985-01-15,20.450001,8.510542
1985-01-22,20.709999,8.618744
1985-01-29,21.110001,8.785211
1985-02-05,21.16,8.806019
1985-02-12,21.299999,8.864289
1985-02-19,21.049999,8.760241
1985-02-26,21.4,8.905903
1985-03-05,21.040001,8.756083
1985-03-12,20.83,8.668684
1985-03-19,20.969999,8.726952
1985-03-26,21.190001,8.818508
1985-04-02,20.82,8.738864
1985-04-09,21.16,8.881573
1985-04-16,21.139999,8.873181
1985-04-23,21.139999,8.873181
1985-04-30,21.110001,8.86059
1985-05-07,21.690001,9.104034
1985-05-14,22.299999,9.360069
1985-05-21,22.15,9.297107
1985-05-28,22.32,9.368466
1985-06-04,22.34,9.376861
1985-06-11,22.01,9.238349
1985-06-18,22.33,9.372662
1985-06-25,22.540001,9.460807
1985-07-02,22.49,9.515676
1985-07-09,22.59,9.557991
1985-07-16,22.790001,9.642606
1985-07-23,22.25,9.414128
1985-07-30,22.4,9.477594
1985-08-06,22.09,9.346432
1985-08-13,21.969999,9.295658
1985-08-20,22.09,9.346432
1985-08-27,22.26,9.418362
1985-09-03,22.23,9.405666
1985-09-10,21.610001,9.143344
1985-09-17,21.790001,9.219505
1985-09-24,21.379999,9.046029
1985-10-01,21.370001,9.118279
1985-10-08,21.889999,9.340151
1985-10-15,21.959999,9.370022
1985-10-22,22.07,9.416956
1985-10-29,22.5,9.600437
1985-11-05,23.26,9.924711
1985-11-12,23.440001,10.001519
1985-11-19,23.65,10.091123
1985-11-26,23.68,10.103926
1985-12-03,24.120001,10.291665
1985-12-10,25.040001,10.684219
1985-12-17,24.639999,10.513542
1985-12-24,22.93,9.783908
1985-12-31,22.940001,9.937947
1986-01-07,22.51,9.751669
1986-01-14,22.610001,9.794988
1986-01-21,22.6,9.79066
1986-01-28,23.33,10.106905
1986-02-04,23.629999,10.236872
1986-02-11,24.030001,10.410151
1986-02-18,24.57,10.644095
1986-02-25,24.68,10.691745
1986-03-04,24.82,10.7524
1986-03-11,25.709999,11.137955
1986-03-18,25.799999,11.17695
1986-03-25,26.02,11.272257
1986-04-01,24.91,10.866555
1986-04-08,25.85,11.276614
1986-04-15,26.67,11.634327
1986-04-22,26.49,11.5558
1986-04-29,25.93,11.311514
1986-05-06,25.959999,11.324602
1986-05-13,25.5,11.123932
1986-05-20,26.4,11.516542
1986-05-27,26.83,11.704128
1986-06-03,26.299999,11.47292
1986-06-10,26.969999,11.7652
1986-06-17,26.879999,11.725934
1986-06-24,27.34,11.9266
1986-07-01,26.610001,11.685249
1986-07-08,25.959999,11.399817
1986-07-15,25.76,11.311996
1986-07-22,25.74,11.303208
1986-07-29,25.77,11.316383
1986-08-05,26.32,11.557907
1986-08-12,27.07,11.88726
1986-08-19,27.120001,11.909209
1986-08-26,27.690001,12.159513
1986-09-02,27.18,11.935561
1986-09-09,25.42,11.162683
1986-09-16,25.76,11.311996
1986-09-23,25.23,11.079257
1986-09-30,25.6,11.241732
1986-10-07,25.719999,11.375588
1986-10-14,25.73,11.38001
1986-10-21,26.049999,11.52154
1986-10-28,26.84,11.870945
1986-11-04,26.940001,11.91517
1986-11-11,26.639999,11.782491
1986-11-18,27.120001,11.994785
1986-11-25,27.299999,12.074398
1986-12-02,27.549999,12.18497
1986-12-09,25.52,11.28713
1986-12-16,25.58,11.313668
1986-12-23,25.18,11.136746
1986-12-30,25.290001,11.18541
1987-01-06,26.1,11.706379
1987-01-13,27,12.110043
1987-01-20,27.040001,12.127987
1987-01-27,27.73,12.437459
1987-02-03,27.959999,12.540621
1987-02-10,28.120001,12.612387
1987-02-17,28.41,12.742447
1987-02-24,28.48,12.773854
1987-03-03,29.02,13.016054
1987-03-10,29.02,13.016054
1987-03-17,30.33,13.603621
1987-03-24,28.969999,12.993627
1987-03-31,30.26,13.653273
1987-04-07,28.629999,12.917812
1987-04-14,28.68,12.940378
1987-04-21,28.27,12.755387
1987-04-28,29.040001,13.102808
1987-05-05,29.32,13.229141
1987-05-12,28.83,13.008052
1987-05-19,28.41,12.818548
1987-05-26,29.209999,13.17952
1987-06-02,29.92,13.499872
1987-06-09,30.58,13.797657
1987-06-16,31.25,14.099959
1987-06-23,30.91,13.946547
1987-06-30,30.620001,13.896366
1987-07-07,30.889999,14.018901
1987-07-14,31.280001,14.195897
1987-07-21,31.200001,14.159588
1987-07-28,31.92,14.48635
1987-08-04,33.02,14.985565
1987-08-11,33.650002,15.271482
1987-08-18,33.830002,15.353171
1987-08-25,33.25,15.089944
1987-09-01,31.93,14.490883
1987-09-08,32.580002,14.785873
1987-09-15,31.33,14.218584
1987-09-22,32.630001,14.808578
1987-09-29,32.950001,15.03755
1987-10-06,31.07,14.179559
1987-10-13,22.58,10.304942
1987-10-20,22.870001,10.437294
1987-10-27,25.700001,11.72883
1987-11-03,24.49,11.176618
1987-11-10,24.860001,11.345475
1987-11-17,24.49,11.176618
1987-11-24,23.219999,10.597015
1987-12-01,23.08,10.533128
1987-12-08,24.450001,11.158361
1987-12-15,25.200001,11.500645
1987-12-22,24.82,11.327224
1987-12-29,25.530001,11.651242
1988-01-05,24.52,11.336467
1988-01-12,24.969999,11.631074
1988-01-19,25,11.645059
1988-01-26,25.299999,11.784793
1988-02-02,24.76,11.533257
1988-02-09,25.620001,11.933847
1988-02-16,26.43,12.311152
1988-02-23,26.66,12.418278
1988-03-01,26.639999,12.408973
1988-03-08,26.549999,12.367044
1988-03-15,26.799999,12.4835
1988-03-22,25.76,11.999065
1988-03-29,25.4,11.831372
1988-04-05,26.799999,12.571341
1988-04-12,25.709999,12.060039
1988-04-19,26.040001,12.214836
1988-04-26,25.959999,12.177315
1988-05-03,25.52,11.970915
1988-05-10,25.75,12.078812
1988-05-17,24.99,11.722307
1988-05-24,25.27,11.853649
1988-05-31,26.639999,12.496288
1988-06-07,27.09,12.707378
1988-06-14,26.85,12.594794
1988-06-21,26.879999,12.608863
1988-06-28,26.98,12.655774
1988-07-05,26.879999,12.693864
1988-07-12,26.879999,12.693864
1988-07-19,26.299999,12.419972
1988-07-26,27.07,12.783594
1988-08-02,26.9,12.703309
1988-08-09,25.809999,12.18857
1988-08-16,25.65,12.113013
1988-08-23,26.209999,12.37747
1988-08-30,26.440001,12.486083
1988-09-06,26.639999,12.580527
1988-09-13,26.889999,12.698592
1988-09-20,26.93,12.717474
1988-09-27,27.02,12.759983
1988-10-04,27.709999,13.174088
1988-10-11,27.530001,13.08851
1988-10-18,28.120001,13.36901
1988-10-25,27.799999,13.216864
1988-11-01,27.360001,13.007684
1988-11-08,26.77,12.727178
1988-11-15,26.629999,12.660618
1988-11-22,26.889999,12.784234
1988-11-29,27.540001,13.093262
1988-12-06,27.709999,13.174088
1988-12-13,27.959999,13.292942
1988-12-20,27.870001,13.250153
1988-12-27,27.18,12.922106
1989-01-03,27.530001,13.421626
1989-01-10,27.84,13.572769
1989-01-17,27.879999,13.592271
1989-01-24,28.92,14.099294
1989-01-31,29.09,14.182173
1989-02-07,28.77,14.026168
1989-02-14,29.200001,14.235797
1989-02-21,28.34,13.816527
1989-02-28,29.049999,14.162677
1989-03-07,29.120001,14.196795
1989-03-14,28.59,13.938416
1989-03-21,28.67,13.977414
1989-03-28,28.9,14.089541
1989-04-04,28.99,14.307477
1989-04-11,29.440001,14.529569
1989-04-18,30.129999,14.870112
1989-04-25,30.190001,14.899706
1989-05-02,29.940001,14.776327
1989-05-09,30.959999,15.279737
1989-05-16,31.57,15.580788
1989-05-23,31.549999,15.570919
1989-05-30,31.610001,15.600532
1989-06-06,32.049999,15.817688
1989-06-13,31.620001,15.605473
1989-06-20,32.110001,15.847297
1989-06-27,31.219999,15.408055
1989-07-04,32,15.881539
1989-07-11,32.540001,16.14954
1989-07-18,32.66,16.209099
1989-07-25,33.889999,16.819536
1989-08-01,34.25,16.99822
1989-08-08,33.669998,16.710371
1989-08-15,33.450001,16.601175
1989-08-22,34.580002,17.161991
1989-08-29,34.759998,17.251324
1989-09-05,34.189999,16.968428
1989-09-12,34.099998,16.923763
1989-09-19,33.880001,16.814571
1989-09-26,34.369999,17.057764
1989-10-03,35.259998,17.592907
1989-10-10,33.610001,16.769644
1989-10-17,33.810001,16.869442
1989-10-24,32.869999,16.400423
1989-10-31,32.669998,16.300636
1989-11-07,33.400002,16.664873
1989-11-14,33.400002,16.664873
1989-11-21,34.029999,16.979204
1989-11-28,34.630001,17.278582
1989-12-05,34.369999,17.148851
1989-12-12,33.900002,16.914345
1989-12-19,34.290001,17.108931
1989-12-26,33.639999,16.784616
1990-01-02,33.700001,17.442755
1990-01-09,32.110001,16.619793
1990-01-16,31.48,16.293711
1990-01-23,31,16.045261
1990-01-30,31.68,16.397221
1990-02-06,31.559999,16.335119
1990-02-13,31.82,16.469687
1990-02-20,31.459999,16.283352
1990-02-27,31.969999,16.547327
1990-03-06,32.459999,16.800953
1990-03-13,32.93,17.044212
1990-03-20,32.389999,16.764717
1990-03-27,32.27,16.702602
1990-04-03,32.549999,16.966648
1990-04-10,32.869999,17.133448
1990-04-17,31.58,16.461033
1990-04-24,31.57,16.455824
1990-05-01,32.549999,16.966648
1990-05-08,33.950001,17.696396
1990-05-15,34.27,17.863205
1990-05-22,33.990002,17.717249
1990-05-29,35.240002,18.368807
1990-06-05,34.700001,18.087332
1990-06-12,34.259998,17.857981
1990-06-19,33.84,17.639065
1990-06-26,34.360001,17.910116
1990-07-03,34.380001,18.016369
1990-07-10,35.290001,18.493242
1990-07-17,34,17.817226
1990-07-24,34.029999,17.832952
1990-07-31,32.060001,16.800598
1990-08-07,32.52,17.041655
1990-08-14,31.549999,16.53334
1990-08-21,30.889999,16.187479
1990-08-28,31.02,16.255604
1990-09-04,30.959999,16.224163
1990-09-11,30.59,16.030258
1990-09-18,29.360001,15.385707
1990-09-25,30.190001,15.820652
1990-10-02,30.08,15.859052
1990-10-09,29.1,15.34237
1990-10-16,30.200001,15.922326
1990-10-23,28.99,15.28439
1990-10-30,30.26,15.953968
1990-11-06,30.76,16.217579
1990-11-13,30.77,16.222851
1990-11-20,30.52,16.091043
1990-11-27,31.280001,16.491726
1990-12-04,31.75,16.739536
1990-12-11,31.49,16.602455
1990-12-18,31.889999,16.813345
1990-12-25,31.24,16.470644
1991-01-01,29.870001,16.090487
1991-01-08,29.6,15.945035
1991-01-15,31.360001,16.893124
1991-01-22,31.84,17.151684
1991-01-29,33.040001,17.798109
1991-02-05,35,18.853928
1991-02-12,35.07,18.89164
1991-02-19,34.919998,18.810833
1991-02-26,35.150002,18.934729
1991-03-05,35.509998,19.128656
1991-03-12,35.439999,19.090942
1991-03-19,35.240002,18.983221
1991-03-26,35.150002,18.934729
1991-04-02,35.860001,19.452797
1991-04-09,36.110001,19.58843
1991-04-16,36.09,19.577583
1991-04-23,35.419998,19.214132
1991-04-30,36.060001,19.561304
1991-05-07,35.799999,19.420261
1991-05-14,35.400002,19.203279
1991-05-21,35.919998,19.485361
1991-05-28,37.099998,20.125469
1991-06-04,36.07,19.566736
1991-06-11,36.220001,19.648098
1991-06-18,35.369999,19.186991
1991-06-25,35.869999,19.458235
1991-07-02,35.889999,19.568476
1991-07-09,36.32,19.802917
1991-07-16,36.380001,19.835644
1991-07-23,36.41,19.851999
1991-07-30,36.630001,19.971954
1991-08-06,36.959999,20.151871
1991-08-13,35.889999,19.568476
1991-08-20,37.549999,20.473568
1991-08-27,37.720001,20.566252
1991-09-03,37.09,20.222759
1991-09-10,36.849998,20.091885
1991-09-17,36.880001,20.108252
1991-09-24,36.91,20.124607
1991-10-01,36.139999,19.80114
1991-10-08,36.799999,20.162752
1991-10-15,37.150002,20.354528
1991-10-22,37.110001,20.332602
1991-10-29,37.220001,20.392883
1991-11-05,37.549999,20.573671
1991-11-12,36.810001,20.168232
1991-11-19,35.900002,19.669647
1991-11-26,36.5,19.998375
1991-12-03,36.220001,19.844971
1991-12-10,36.82,20.17371
1991-12-17,37.080002,20.316174
1991-12-24,39.119999,21.43388
1991-12-31,39.41,21.966331
1992-01-07,39.07,21.776827
1992-01-14,39.509998,22.022074
1992-01-21,39.150002,21.821407
1992-01-28,38.66,21.548292
1992-02-04,39.119999,21.804689
1992-02-11,39.02,21.748949
1992-02-18,39.009998,21.74338
1992-02-25,39.060001,21.771255
1992-03-03,38.41,21.408955
1992-03-10,38.52,21.470278
1992-03-17,38.860001,21.659781
1992-03-24,38.02,21.191565
1992-03-31,38.279999,21.458612
1992-04-07,38.34,21.492233
1992-04-14,38.720001,21.705257
1992-04-21,38.580002,21.626772
1992-04-28,39.400002,22.086437
1992-05-05,39.610001,22.204168
1992-05-12,39.119999,21.929485
1992-05-19,39.25,22.002361
1992-05-26,39.580002,22.187346
1992-06-02,39.23,21.991146
1992-06-09,38.959999,21.839787
1992-06-16,38.310001,21.475428
1992-06-23,38.639999,21.660408
1992-06-30,39.130001,22.061594
1992-07-07,39.23,22.117964
1992-07-14,39.139999,22.067215
1992-07-21,38.93,21.948818
1992-07-28,40.240002,22.68741
1992-08-04,39.759998,22.416771
1992-08-11,39.91,22.501352
1992-08-18,38.98,21.977013
1992-08-25,39.310001,22.163061
1992-09-01,39.619999,22.337841
1992-09-08,40.419998,22.788883
1992-09-15,40.150002,22.636663
1992-09-22,39.43,22.230717
1992-09-29,38.599998,21.884043
1992-10-06,38.59,21.878372
1992-10-13,39.310001,22.286562
1992-10-20,39.630001,22.467991
1992-10-27,40.07,22.717449
1992-11-03,39.75,22.536032
1992-11-10,39.970001,22.660753
1992-11-17,40.41,22.910206
1992-11-24,41.029999,23.261702
1992-12-01,41.43,23.488495
1992-12-08,41.220001,23.369434
1992-12-15,41.970001,23.794651
1992-12-22,41.849998,23.726604
1992-12-29,40.950001,23.216366
1993-01-05,40.549999,23.301384
1993-01-12,41.110001,23.623178
1993-01-19,41.41,23.795561
1993-01-26,41.66,23.939234
1993-02-02,42.220001,24.261019
1993-02-09,41.939999,24.100113
1993-02-16,41.080002,23.60593
1993-02-23,41.740002,23.98518
1993-03-02,42.98,24.697737
1993-03-09,42.68,24.525345
1993-03-16,42.439999,24.387444
1993-03-23,42.400002,24.364447
1993-03-30,41.630001,24.063778
1993-04-06,42.200001,24.393255
1993-04-13,42.119999,24.347002
1993-04-20,40.82,23.595554
1993-04-27,41.68,24.092672
1993-05-04,41.779999,24.150471
1993-05-11,41.59,24.040636
1993-05-18,42.32,24.462616
1993-05-25,42.560001,24.601337
1993-06-01,42.34,24.474178
1993-06-08,42.369999,24.491524
1993-06-15,42.23,24.410597
1993-06-22,42.57,24.607128
1993-06-29,42.029999,24.422297
1993-07-06,42.330002,24.596611
1993-07-13,42.060001,24.439734
1993-07-20,42.360001,24.614059
1993-07-27,42.470001,24.677961
1993-08-03,42.59,24.747713
1993-08-10,42.759998,24.846483
1993-08-17,43.049999,25.014988
1993-08-24,43.709999,25.398499
1993-08-31,43.68,25.381083
1993-09-07,43.77,25.433372
1993-09-14,43.130001,25.061481
1993-09-21,43.57,25.31715
1993-09-28,43.549999,25.435877
1993-10-05,43.52,25.418354
1993-10-12,44.240002,25.838888
1993-10-19,43.84,25.605253
1993-10-26,44.32,25.885597
1993-11-02,43.540001,25.43004
1993-11-09,43.900002,25.640295
1993-11-16,43.48,25.394997
1993-11-23,43.77,25.564373
1993-11-30,44.220001,25.827196
1993-12-07,44.169998,25.798006
1993-12-14,44.200001,25.815512
1993-12-21,44.669998,26.090012
1993-12-28,43.740002,25.546854
1994-01-04,44.68,26.373106
1994-01-11,44.509998,26.272749
1994-01-18,44.389999,26.201921
1994-01-25,45.310001,26.744957
1994-02-01,44.43,26.225525
1994-02-08,44.32,26.160604
1994-02-15,44.099998,26.030743
1994-02-22,44.080002,26.018942
1994-03-01,44.09,26.024839
1994-03-08,44.150002,26.060259
1994-03-15,44.27,26.131086
1994-03-22,43.25,25.529016
1994-03-29,41.23,24.502605
1994-04-05,42.279999,25.126623
1994-04-12,41.580002,24.710613
1994-04-19,42.560001,25.293013
1994-04-26,42.610001,25.322737
1994-05-03,41.669998,24.764111
1994-05-10,41.889999,24.894852
1994-05-17,42.740002,25.399998
1994-05-24,43.16,25.649597
1994-05-31,43.34,25.756573
1994-06-07,43.389999,25.786293
1994-06-14,43.049999,25.584227
1994-06-21,41.650002,24.75222
1994-06-28,41.990002,25.083635
1994-07-05,42.189999,25.203119
1994-07-12,42.77,25.549576
1994-07-19,42.790001,25.561522
1994-07-26,43.439999,25.949829
1994-08-02,43.189999,25.800472
1994-08-09,43.549999,26.015537
1994-08-16,43.669998,26.08721
1994-08-23,44.849998,26.792114
1994-08-30,44.529999,26.600969
1994-09-06,44.110001,26.350079
1994-09-13,44.57,26.624846
1994-09-20,43.439999,25.949829
1994-09-27,43.549999,26.146679
1994-10-04,43.310001,26.0026
1994-10-11,44.25,26.566954
1994-10-18,43.490002,26.110666
1994-10-25,44.599998,26.777088
1994-11-01,43.779999,26.284777
1994-11-08,44.09,26.470894
1994-11-15,43.369999,26.038631
1994-11-22,43.009998,25.822483
1994-11-29,42.959999,25.792467
1994-12-06,42.610001,25.582315
1994-12-13,43.43,26.074635
1994-12-20,43.639999,26.200706
1994-12-27,42.970001,25.798475
1995-01-03,43.139999,26.277731
1995-01-10,43.959999,26.777201
1995-01-17,43.619999,26.570105
1995-01-24,43.900002,26.740654
1995-01-31,45.119999,27.483791
1995-02-07,45.209999,27.53861
1995-02-14,45.259998,27.569077
1995-02-21,45.459999,27.690908
1995-02-28,45.66,27.812714
1995-03-07,46.110001,28.086834
1995-03-14,46.68,28.434023
1995-03-21,47.139999,28.71423
1995-03-28,47.029999,28.783167
1995-04-04,47.549999,29.101398
1995-04-11,47.470001,29.052465
1995-04-18,48.119999,29.450264
1995-04-25,48.27,29.542074
1995-05-02,49.220001,30.123487
1995-05-09,49.619999,30.368279
1995-05-16,49.27,30.154097
1995-05-23,49.290001,30.166334
1995-05-30,50.43,30.864023
1995-06-06,50.009998,30.606964
1995-06-13,51.380001,31.445436
1995-06-20,51.07,31.255718
1995-06-27,51.380001,31.580732
1995-07-04,52.360001,32.183086
1995-07-11,52.880001,32.502686
1995-07-18,52.32,32.158493
1995-07-25,52.84,32.478127
1995-08-01,52.689999,32.385906
1995-08-08,52.700001,32.392052
1995-08-15,52.580002,32.318298
1995-08-22,52.68,32.379749
1995-08-29,53.16,32.674797
1995-09-05,54.130001,33.271008
1995-09-12,55,33.805763
1995-09-19,54.919998,33.756569
1995-09-26,54.740002,33.645943
1995-10-03,54.450001,33.602303
1995-10-10,54.889999,33.873833
1995-10-17,55.09,33.997269
1995-10-24,54.950001,33.910854
1995-10-31,55.48,34.23793
1995-11-07,55.880001,34.484772
1995-11-14,56.34,34.768661
1995-11-21,56.779999,35.040195
1995-11-28,57.98,35.780746
1995-12-05,58.560001,36.138672
1995-12-12,57.389999,35.416634
1995-12-19,57.18,35.287037
1995-12-26,57.599998,35.976158
1996-01-02,57.860001,36.138554
1996-01-09,56.130001,35.058018
1996-01-16,57.41,35.857487
1996-01-23,58.439999,36.500805
1996-01-30,60.07,37.518898
1996-02-06,61.990002,38.718071
1996-02-13,60.77,37.956081
1996-02-20,61.02,38.112244
1996-02-27,61.09,38.155968
1996-03-05,60.099998,37.537609
1996-03-12,61.330002,38.305866
1996-03-19,61.09,38.155968
1996-03-26,61.200001,38.224674
1996-04-02,60.349998,37.854889
1996-04-09,60.189999,37.754517
1996-04-16,60.700001,38.074429
1996-04-23,61.299999,38.450779
1996-04-30,60.09,37.691792
1996-05-07,62.07,38.933746
1996-05-14,63.220001,39.655113
1996-05-21,63.740002,39.981285
1996-05-28,62.75,39.360291
1996-06-04,63.200001,39.642555
1996-06-11,62.580002,39.253654
1996-06-18,62.919998,39.466923
1996-06-25,63.389999,39.761726
1996-07-02,61.23,38.541615
1996-07-09,59.110001,37.207165
1996-07-16,59.490002,37.446377
1996-07-23,59.240002,37.289009
1996-07-30,62.029999,39.045185
1996-08-06,62.580002,39.391392
1996-08-13,62.689999,39.460632
1996-08-20,62.470001,39.322166
1996-08-27,61.369999,38.629768
1996-09-03,62.509998,39.347332
1996-09-10,64.470001,40.581066
1996-09-17,64.709999,40.732124
1996-09-24,64.589996,40.656586
1996-10-01,66.120003,41.761833
1996-10-08,66.169998,41.793415
1996-10-15,66.779999,42.178703
1996-10-22,65.589996,41.427097
1996-10-29,66.519997,42.014488
1996-11-05,68.919998,43.530346
1996-11-12,69.449997,43.865093
1996-11-19,71.360001,45.07148
1996-11-26,71.339996,45.058826
1996-12-03,70.739998,44.679867
1996-12-10,68.050003,42.980858
1996-12-17,69.690002,44.016666
1996-12-24,70.370003,44.976357
1996-12-31,69.82,44.624832
1997-01-07,70.959999,45.353455
1997-01-14,72.57,46.382462
1997-01-21,71.480003,45.685802
1997-01-28,73.540001,47.002422
1997-02-04,73.470001,46.957703
1997-02-11,75.650002,48.351036
1997-02-18,75.839996,48.472462
1997-02-25,74.470001,47.596836
1997-03-04,76.220001,48.715336
1997-03-11,74.589996,47.673519
1997-03-18,74.139999,47.385933
1997-03-25,70.690002,45.180862
1997-04-01,71.169998,45.678646
1997-04-08,69.480003,44.593979
1997-04-15,71.050003,45.601665
1997-04-22,72.230003,46.359009
1997-04-29,77.620003,49.818439
1997-05-06,78.360001,50.293377
1997-05-13,78.010002,50.06876
1997-05-20,79.309998,50.903122
1997-05-27,79.279999,50.88385
1997-06-03,80.870003,51.90435
1997-06-10,83.800003,53.784916
1997-06-17,82.370003,52.867088
1997-06-24,82.730003,53.098175
1997-07-01,85.300003,54.924088
1997-07-08,85.919998,55.323318
1997-07-15,85.400002,54.988518
1997-07-22,87.620003,56.417942
1997-07-29,88.959999,57.280777
1997-08-05,87.75,56.501659
1997-08-12,85.489998,55.046432
1997-08-19,86.220001,55.516502
1997-08-26,84.309998,54.286636
1997-09-02,87.32,56.224781
1997-09-09,86.309998,55.574436
1997-09-16,89.660004,57.731476
1997-09-23,89.209999,57.441696
1997-09-30,91.040001,58.79776
1997-10-07,90.639999,58.539455
1997-10-14,89.470001,57.78376
1997-10-21,82.089996,53.017467
1997-10-28,87.970001,56.815048
1997-11-04,86.339996,55.762314
1997-11-11,88.720001,57.299408
1997-11-18,88.790001,57.344608
1997-11-25,91.449997,59.062538
1997-12-02,92.199997,59.546955
1997-12-09,90.440002,58.410263
1997-12-16,89.540001,57.829018
1997-12-23,88.480003,57.144413
1997-12-30,90.690002,59.273449
1998-01-06,87.199997,56.992378
1998-01-13,89.290001,58.358391
1998-01-20,88.870003,58.083897
1998-01-27,93.010002,60.789711
1998-02-03,93.949997,61.404076
1998-02-10,94.839996,61.985798
1998-02-17,96.559998,63.109932
1998-02-24,97.470001,63.704689
1998-03-03,97.940002,64.011887
1998-03-10,100.489998,65.678528
1998-03-17,102.010002,66.671974
1998-03-24,101.449997,66.305969
1998-03-31,104.040001,68.258476
1998-04-07,103,67.576157
1998-04-14,104.290001,68.422485
1998-04-21,100.860001,66.172104
1998-04-28,104.190002,68.356888
1998-05-05,102.809998,67.451462
1998-05-12,102.800003,67.444931
1998-05-19,103.25,67.740173
1998-05-26,101.470001,66.572319
1998-06-02,103.790001,68.094437
1998-06-09,100.230003,65.75882
1998-06-16,102.68,67.366196
1998-06-23,105.720001,69.360672
1998-06-30,107.510002,70.716705
1998-07-07,108.269997,71.216553
1998-07-14,110.040001,72.380798
1998-07-21,106.620003,70.131241
1998-07-28,103.419998,68.026436
1998-08-04,100.730003,66.257004
1998-08-11,100.830002,66.322792
1998-08-18,101.269997,66.612228
1998-08-25,89.110001,58.613743
1998-09-01,90.699997,59.659588
1998-09-08,95.949997,63.112885
1998-09-15,95.419998,62.764256
1998-09-22,97.5,64.132446
1998-09-29,91.940002,60.643742
1998-10-06,92.830002,61.230762
1998-10-13,98.860001,65.208176
1998-10-20,99.790001,65.821632
1998-10-27,103.480003,68.255501
1998-11-03,105.260002,69.429634
1998-11-10,104.900002,69.192146
1998-11-17,110.75,73.050819
1998-11-24,108.489998,71.56012
1998-12-01,110.760002,73.057419
1998-12-08,106.459999,70.221107
1998-12-15,112.25,74.040222
1998-12-22,113.550003,74.897682
1998-12-29,113.879997,75.668121
1999-01-05,117.230003,77.894058
1999-01-12,115.32,76.624931
1999-01-19,114.480003,76.066818
1999-01-26,118.120003,78.485466
1999-02-02,115.449997,76.711319
1999-02-09,114.220001,75.894066
1999-02-16,118.139999,78.498734
1999-02-23,114.839996,76.305992
1999-03-02,119.209999,79.209709
1999-03-09,121.529999,80.751213
1999-03-16,120.589996,80.126633
1999-03-23,121.089996,80.458824
1999-03-30,122.120003,81.636726
1999-04-06,125.620003,83.976448
1999-04-13,119.230003,79.704758
1999-04-20,125.760002,84.070045
1999-04-27,125.279999,83.749176
1999-05-04,123.989998,82.886803
1999-05-11,123.949997,82.860062
1999-05-18,120.93,80.841217
1999-05-25,120.529999,80.57383
1999-06-01,123.599998,82.626099
1999-06-08,119.879997,80.139282
1999-06-15,124.989998,83.555321
1999-06-22,122.989998,82.218292
1999-06-29,128.550003,86.203812
1999-07-06,129.320007,86.720154
1999-07-13,130.119995,87.256668
1999-07-20,124.589996,83.548317
1999-07-27,122.800003,82.347992
1999-08-03,120.07,80.517265
1999-08-10,123.169998,82.596054
1999-08-17,125.910004,84.433464
1999-08-24,122.589996,82.207138
1999-08-31,125.699997,84.292664
1999-09-07,124.529999,83.508125
1999-09-14,123.739998,82.978294
1999-09-21,118.550003,79.497971
1999-09-28,120.580002,81.098511
1999-10-05,123.43,83.015305
1999-10-12,115.940002,77.977798
1999-10-19,119.610001,80.446091
1999-10-26,125.230003,84.225975
1999-11-02,127.379997,85.671974
1999-11-09,129.050003,86.795181
1999-11-16,131.529999,88.463104
1999-11-23,130.350006,87.669525
1999-11-30,131.839996,88.671654
1999-12-07,131.229996,88.261353
1999-12-14,131.520004,88.456421
1999-12-21,134.199997,90.258888
1999-12-28,134.039993,90.798897
2000-01-04,134.300003,90.975037
2000-01-11,135.009995,91.455963
2000-01-18,129.149994,87.486366
2000-01-25,128.520004,87.059631
2000-02-01,131.279999,88.929214
2000-02-08,128.169998,86.82254
2000-02-15,124.150002,84.099373
2000-02-22,124.379997,84.255157
2000-02-29,128.410004,86.985161
2000-03-07,127.720001,86.517693
2000-03-14,134.5,91.110497
2000-03-21,140.399994,95.107178
2000-03-28,138.770004,94.203384
2000-04-04,138.669998,94.13549
2000-04-11,129.190002,87.700043
2000-04-18,131.830002,89.492195
2000-04-25,135.389999,91.908882
2000-05-02,131.369995,89.179901
2000-05-09,134.029999,90.985649
2000-05-16,129.309998,87.781509
2000-05-23,127.230003,86.369514
2000-05-30,135.539993,92.010712
2000-06-06,133.559998,90.666603
2000-06-13,137.289993,93.198692
2000-06-20,134.160004,91.073891
2000-06-27,135.550003,92.230591
2000-07-04,136.179993,92.659248
2000-07-11,139.399994,94.850174
2000-07-18,135.179993,91.978828
2000-07-25,132.149994,89.917168
2000-08-01,136.669998,92.992653
2000-08-08,137.850006,93.79557
2000-08-15,138.610001,94.312653
2000-08-22,139.970001,95.237999
2000-08-29,140.619995,95.680275
2000-09-05,137.720001,93.707077
2000-09-12,133.619995,90.917358
2000-09-19,132.789993,90.352646
2000-09-26,132.559998,90.411972
2000-10-03,129.440002,88.284027
2000-10-10,126.919998,86.565231
2000-10-17,128.880005,87.902054
2000-10-24,129.179993,88.106667
2000-10-31,132.309998,90.241463
2000-11-07,124.879997,85.173866
2000-11-14,124.120003,84.65551
2000-11-21,124.720001,85.064713
2000-11-28,122.550003,83.584702
2000-12-05,127.720001,87.110878
2000-12-12,122.43,83.502884
2000-12-19,120.519997,82.200142
2000-12-26,121.860001,83.375526
2001-01-02,119.660004,81.870308
2001-01-09,121.75,83.300293
2001-01-16,124.019997,84.853378
2001-01-23,126,86.208061
2001-01-30,125.110001,85.599159
2001-02-06,122.910004,84.093948
2001-02-13,120.300003,82.308174
2001-02-20,117.18,80.173508
2001-02-27,114.800003,78.545128
2001-03-06,109.160004,74.68631
2001-03-13,108.029999,73.913132
2001-03-20,106.360001,72.965454
2001-03-27,105.739998,72.540115
2001-04-03,105.019997,72.04615
2001-04-10,108.910004,74.714836
2001-04-17,113.040001,77.548073
2001-04-24,115.389999,79.160248
2001-05-01,116.709999,80.065773
2001-05-08,115.419998,79.180817
2001-05-15,121.360001,83.255798
2001-05-22,118.139999,81.046761
2001-05-29,117.190002,80.395103
2001-06-05,116.029999,79.599281
2001-06-12,111.809998,76.704269
2001-06-19,112.470001,77.157043
2001-06-26,114.150002,78.501617
2001-07-03,110.709999,76.135872
2001-07-10,111.07,76.383492
2001-07-17,110.010002,75.65451
2001-07-24,111.269997,76.521042
2001-07-31,110.940002,76.294083
2001-08-07,110.139999,75.743912
2001-08-14,108.330002,74.499168
2001-08-21,109.059998,75.001198
2001-08-28,104.870003,72.119675
2001-09-04,101.099998,69.527069
2001-09-11,96.150002,66.122894
2001-09-18,92.550003,63.647163
2001-09-25,95.82,66.128151
2001-10-02,98.059998,67.674072
2001-10-09,100.620003,69.440796
2001-10-16,100.620003,69.440796
2001-10-23,99.550003,68.7024
2001-10-30,101.849998,70.289589
2001-11-06,103.32,71.304138
2001-11-13,106.389999,73.422844
2001-11-20,106.980003,73.830032
2001-11-27,104.470001,72.097816
2001-12-04,105.440002,72.767197
2001-12-11,104.940002,72.422142
2001-12-18,105.919998,73.098495
2001-12-25,105.889999,73.077766
2002-01-01,107.449997,74.421906
2002-01-08,105.050003,72.759621
2002-01-15,104.059998,72.073921
2002-01-22,104.559998,72.420242
2002-01-29,101.029999,69.975273
2002-02-05,102.68,71.118111
2002-02-12,102.010002,70.654068
2002-02-19,102.5,70.993462
2002-02-26,106.660004,73.874779
2002-03-05,108.019997,74.816704
2002-03-12,107.800003,74.664337
2002-03-19,104.400002,72.309471
2002-03-26,105.769997,73.457954
2002-04-02,103.849998,72.124504
2002-04-09,101.769997,70.679924
2002-04-16,102.260002,71.020218
2002-04-23,98.360001,68.311661
2002-04-30,97.199997,67.506042
2002-05-07,99.269997,68.943642
2002-05-14,100.93,70.096512
2002-05-21,100.190002,69.582611
2002-05-28,96.220001,66.825462
2002-06-04,95.339996,66.214249
2002-06-11,95.860001,66.575394
2002-06-18,91.550003,63.582062
2002-06-25,89.370003,62.268681
2002-07-02,90.190002,62.840069
2002-07-09,84.75,59.049721
2002-07-16,75.769997,52.792854
2002-07-23,83.089996,57.893093
2002-07-30,77.169998,53.768345
2002-08-06,83.610001,58.255421
2002-08-13,87.989998,61.307171
2002-08-20,87.760002,61.146969
2002-08-27,84.830002,59.105476
2002-09-03,83.650002,58.283257
2002-09-10,82.589996,57.544701
2002-09-17,77.279999,53.844986
2002-09-24,75.260002,52.437538
2002-10-01,72.5,50.738503
2002-10-08,77.730003,54.398685
2002-10-15,83.120003,58.170799
2002-10-22,82.239998,57.554958
2002-10-29,83.949997,58.751671
2002-11-05,81.019997,56.701145
2002-11-12,83.309998,58.303791
2002-11-19,86.330002,60.417324
2002-11-26,86.519997,60.55027
2002-12-03,82.610001,57.813873
2002-12-10,84.339996,59.02462
2002-12-17,83.160004,58.198814
2002-12-24,81.099998,56.757145
2002-12-31,85.699997,60.283485
2003-01-07,85.480003,60.128731
2003-01-14,83.239998,58.553036
2003-01-21,78.230003,55.028919
2003-01-28,79.440002,55.880047
2003-02-04,77.239998,54.33252
2003-02-11,77.18,54.290321
2003-02-18,76.989998,54.156662
2003-02-25,77.239998,54.33252
2003-03-04,74.739998,52.57394
2003-03-11,79.900002,56.203621
2003-03-18,80.040001,56.302109
2003-03-25,78.269997,55.057045
2003-04-01,81.239998,57.360115
2003-04-08,81.779999,57.741375
2003-04-15,82.410004,58.186195
2003-04-22,84.529999,59.683056
2003-04-29,85.639999,60.466763
2003-05-06,87.389999,61.702362
2003-05-13,85.199997,60.156113
2003-05-20,86.349998,60.968075
2003-05-27,89.510002,63.199196
2003-06-03,90.370003,63.806404
2003-06-10,93.620003,66.101112
2003-06-17,90.639999,63.997051
2003-06-24,90.019997,63.766876
2003-07-01,92.800003,65.736153
2003-07-08,92.790001,65.729065
2003-07-15,90.480003,64.092751
2003-07-22,92.120003,65.254478
2003-07-29,90.900002,64.390259
2003-08-05,90.739998,64.276901
2003-08-12,92.559998,65.566139
2003-08-19,92.010002,65.176506
2003-08-26,93.360001,66.132851
2003-09-02,95.589996,67.712463
2003-09-09,94.059998,66.62867
2003-09-16,94.809998,67.159973
2003-09-23,92.980003,65.863655
2003-09-30,95.559998,67.954224
2003-10-07,96.620003,68.708
2003-10-14,96.580002,68.67955
2003-10-21,95.330002,67.790642
2003-10-28,97.949997,69.653778
2003-11-04,96.900002,68.907104
2003-11-11,96.629997,68.715111
2003-11-18,97.43,69.283981
2003-11-25,99.129997,70.492928
2003-12-02,99.099998,70.471573
2003-12-09,99.010002,70.407562
2003-12-16,101.339996,72.064491
2003-12-23,102.440002,72.846687
2003-12-30,103.629997,74.035919
2004-01-06,104.129997,74.393097
2004-01-13,105.300003,75.229012
2004-01-20,106.739998,76.25779
2004-01-27,104.919998,74.95752
2004-02-03,105.389999,75.293312
2004-02-10,106,75.729141
2004-02-17,105.57,75.421898
2004-02-24,107.010002,76.450676
2004-03-02,106.230003,75.89344
2004-03-09,102.32,73.100014
2004-03-16,101.489998,72.507057
2004-03-23,103.660004,74.057365
2004-03-30,106.269997,76.188919
2004-04-06,105.809998,75.859093
2004-04-13,104.949997,75.24247
2004-04-20,104.93,75.22821
2004-04-27,103.309998,74.066757
2004-05-04,100.529999,72.073654
2004-05-11,100.330002,71.930275
2004-05-18,101.400002,72.697411
2004-05-25,103.760002,74.389397
2004-06-01,105.639999,75.737213
2004-06-08,104.269997,74.755043
2004-06-15,104.739998,75.091988
2004-06-22,104.709999,75.07048
2004-06-29,104,74.809158
2004-07-06,103.019997,74.104179
2004-07-13,101.779999,73.212273
2004-07-20,100.230003,72.097321
2004-07-27,102.370003,73.63665
2004-08-03,98.559998,70.896049
2004-08-10,99.940002,71.888695
2004-08-17,101.489998,73.003654
2004-08-24,101.839996,73.255424
2004-08-31,103.220001,74.248062
2004-09-07,104.400002,75.09687
2004-09-14,104.059998,74.852287
2004-09-21,101.949997,73.334518
2004-09-28,104.910004,75.765884
2004-10-05,103.949997,75.072563
2004-10-12,103,74.386497
2004-10-19,101.230003,73.108185
2004-10-26,104.580002,75.52755
2004-11-02,107.800003,77.853035
2004-11-09,109.629997,79.174683
2004-11-16,109.050003,78.755791
2004-11-23,109.209999,78.871353
2004-11-30,110.330002,79.680206
2004-12-07,111.160004,80.279617
2004-12-14,110.809998,80.02684
2004-12-21,110.970001,80.142426
2004-12-28,110.730003,80.564873
2005-01-04,109.690002,79.808235
2005-01-11,109.18,79.437149
2005-01-18,107.269997,78.047485
2005-01-25,108.900002,79.233459
2005-02-01,110.839996,80.644928
2005-02-08,111.330002,81.001442
2005-02-15,110.940002,80.717697
2005-02-22,111.18,80.892319
2005-03-01,113.230003,82.383842
2005-03-08,111.580002,81.183357
2005-03-15,109.449997,79.633575
2005-03-22,108.169998,78.702309
2005-03-29,108.379997,79.169304
2005-04-05,108.879997,79.534554
2005-04-12,105.650002,77.175117
2005-04-19,107.150002,78.270844
2005-04-26,107.190002,78.300041
2005-05-03,108.760002,79.446884
2005-05-10,107.639999,78.628777
2005-05-17,110.279999,80.55722
2005-05-24,110.769997,80.915146
2005-05-31,110.690002,80.856735
2005-06-07,111.050003,81.119675
2005-06-14,112.470001,82.15696
2005-06-21,109.720001,80.148132
2005-06-28,110.110001,80.738319
2005-07-05,112.449997,82.454132
2005-07-12,112.620003,82.578842
2005-07-19,113.360001,83.121422
2005-07-26,113.989998,83.583359
2005-08-02,112.889999,82.776787
2005-08-09,113.970001,83.568703
2005-08-16,112.889999,82.776787
2005-08-23,112.040001,82.153511
2005-08-30,112.620003,82.578842
2005-09-06,114.730003,84.125961
2005-09-13,113.889999,83.510033
2005-09-20,111.959999,82.094841
2005-09-27,113,83.249992
2005-10-04,109.43,80.619888
2005-10-11,109.699997,80.818794
2005-10-18,110.589996,81.47448
2005-10-25,111.300003,81.997566
2005-11-01,112.809998,83.110008
2005-11-08,113.910004,83.920418
2005-11-15,115.900002,85.386475
2005-11-22,116.169998,85.585403
2005-11-29,116.660004,85.946404
2005-12-06,116.540001,85.858017
2005-12-13,116.519997,85.843246
2005-12-20,117.379997,86.476845
2005-12-27,114.919998,84.664482
2006-01-03,118.839996,88.006691
2006-01-10,118.620003,87.843796
2006-01-17,116.440002,86.229347
2006-01-24,118.43,87.703079
2006-01-31,116.629997,86.370071
2006-02-07,116.5,86.273827
2006-02-14,118.800003,87.977104
2006-02-21,119.510002,88.502884
2006-02-28,118.080002,87.443893
2006-03-07,118.699997,87.903015
2006-03-14,120.150002,88.976845
2006-03-21,119.830002,89.101677
2006-03-28,119.519997,88.871147
2006-04-04,119.459999,88.826553
2006-04-11,118.440002,88.068115
2006-04-18,120.559998,89.64447
2006-04-25,120.330002,89.473419
2006-05-02,122.160004,90.834175
2006-05-09,119.470001,88.833984
2006-05-16,116.510002,86.633011
2006-05-23,118.209999,87.897087
2006-05-30,116.900002,86.922997
2006-06-06,114.260002,84.959999
2006-06-13,114.650002,85.249969
2006-06-20,115.160004,85.629196
2006-06-27,117.93,88.055824
2006-07-04,116.779999,87.197174
2006-07-11,113.769997,84.949615
2006-07-18,116.220001,86.779015
2006-07-25,117.699997,87.884109
2006-08-01,117.68,87.869171
2006-08-08,117.059998,87.406235
2006-08-15,119.809998,89.459587
2006-08-22,120.220001,89.765747
2006-08-29,121.150002,90.460136
2006-09-05,120.120003,89.691048
2006-09-12,122.160004,91.21431
2006-09-19,122.139999,91.199364
2006-09-26,122.620003,91.950005
2006-10-03,124.470001,93.337288
2006-10-10,126.18,94.61956
2006-10-17,126.93,95.181976
2006-10-24,127.040001,95.264481
2006-10-31,127.269997,95.436943
2006-11-07,127.779999,95.819366
2006-11-14,129.320007,96.974174
2006-11-21,127.629997,95.706879
2006-11-28,130.220001,97.649086
2006-12-05,130.630005,97.956505
2006-12-12,131.539993,98.638901
2006-12-19,130.509995,97.866524
2006-12-26,130.589996,97.926537
2007-01-02,130.149994,98.085068
2007-01-09,131.809998,99.336128
2007-01-16,131.110001,98.808563
2007-01-23,130.899994,98.650299
2007-01-30,133.389999,100.526848
2007-02-06,132.199997,99.630043
2007-02-13,134.320007,101.22773
2007-02-20,133.820007,100.850891
2007-02-27,126.919998,95.650887
2007-03-06,129.970001,97.94944
2007-03-13,129.600006,97.670601
2007-03-20,132.330002,99.727997
2007-03-27,131.169998,99.265488
2007-04-03,133.089996,100.718475
2007-04-10,135.300003,102.390953
2007-04-17,136.449997,103.261261
2007-04-24,136.610001,103.382332
2007-05-01,139.169998,105.319633
2007-05-08,138.679993,104.948837
2007-05-15,140.759995,106.522919
2007-05-22,139.919998,105.887238
2007-05-29,142.149994,107.574821
2007-06-05,139.429993,105.516403
2007-06-12,141.490005,107.075394
2007-06-19,137.880005,104.343483
2007-06-26,139.910004,106.31031
2007-07-03,141.119995,107.229744
2007-07-10,142.770004,108.483459
2007-07-17,142.089996,107.966774
2007-07-24,135.869995,103.240517
2007-07-31,135.350006,102.845444
2007-08-07,134.080002,101.880432
2007-08-14,133.460007,101.409279
2007-08-21,135.440002,102.913803
2007-08-28,136.160004,103.460907
2007-09-04,134.190002,101.963997
2007-09-11,136.539993,103.749619
2007-09-18,139.75,106.188766
2007-09-25,142.479996,108.743065
2007-10-02,143.059998,109.185753
2007-10-09,142.729996,108.933899
2007-10-16,138.830002,105.957359
2007-10-23,142.050003,108.414917
2007-10-30,138.529999,105.728401
2007-11-06,132.800003,101.355141
2007-11-13,132.350006,101.011726
2007-11-20,129.970001,99.195244
2007-11-27,136.050003,103.835594
2007-12-04,140.160004,106.97245
2007-12-11,133.720001,102.057343
2007-12-18,137.690002,105.087318
2007-12-25,135.149994,103.724678
2008-01-01,130.369995,100.056129
2008-01-08,130.440002,100.109856
2008-01-15,122.07,93.686058
2008-01-22,124.720001,95.719864
2008-01-29,127.230003,97.646225
2008-02-05,123.489998,94.775871
2008-02-12,124.550003,95.589386
2008-02-19,126.639999,97.19342
2008-02-26,122.949997,94.361412
2008-03-04,117.690002,90.324455
2008-03-11,118.040001,90.593094
2008-03-18,124.82,95.796623
2008-03-25,121.75,93.440483
2008-04-01,126.360001,97.449989
2008-04-08,122.349998,94.357422
2008-04-15,127.889999,98.629959
2008-04-22,128.649994,99.21608
2008-04-29,129.720001,100.041237
2008-05-06,129.449997,99.832993
2008-05-13,131.669998,101.545105
2008-05-20,127.019997,97.959
2008-05-27,127.959999,98.683922
2008-06-03,125.839996,97.048973
2008-06-10,125.730003,96.964119
2008-06-17,121.870003,93.987236
2008-06-24,117.830002,90.871544
2008-07-01,115.32,89.352448
2008-07-08,113.169998,87.686562
2008-07-15,116.120003,89.972305
2008-07-22,113.760002,88.143753
2008-07-29,115.160004,89.228493
2008-08-05,120.459999,93.33506
2008-08-12,118.07,91.483223
2008-08-19,117.019997,90.669647
2008-08-26,118.540001,91.847374
2008-09-02,117.230003,90.832344
2008-09-09,110.360001,85.509331
2008-09-16,111.709999,86.555351
2008-09-23,101.849998,78.915627
2008-09-30,97.330002,75.852303
2008-10-07,92.459999,72.056938
2008-10-14,90.82,70.778839
2008-10-21,78.25,60.982632
2008-10-28,89.120003,69.453995
2008-11-04,84.889999,66.15741
2008-11-11,78.629997,61.27879
2008-11-18,78.779999,61.395679
2008-11-25,75.540001,58.870644
2008-12-02,84.25,65.658638
2008-12-09,80.489998,62.728348
2008-12-16,80.779999,62.954376
2008-12-23,79.970001,62.323112
2008-12-30,85.349998,67.099373
2009-01-06,80.139999,63.003452
2009-01-13,78.300003,61.556919
2009-01-20,77.059998,60.582008
2009-01-27,76.050003,59.787998
2009-02-03,80.25,63.089931
2009-02-10,76.330002,60.008152
2009-02-17,68.720001,54.025425
2009-02-24,64.830002,50.967228
2009-03-03,62.650002,49.253384
2009-03-10,69.839996,54.905926
2009-03-17,76.239998,59.937382
2009-03-24,72.489998,56.989285
2009-03-31,76.919998,60.898365
2009-04-07,79.110001,62.632206
2009-04-14,76.709999,60.732121
2009-04-21,79.040001,62.576782
2009-04-28,83.639999,66.218689
2009-05-05,83.910004,66.432419
2009-05-12,84.029999,66.527443
2009-05-19,81.980003,64.904442
2009-05-26,87.169998,69.01339
2009-06-02,86.900002,68.799637
2009-06-09,85.510002,67.699165
2009-06-16,82.709999,65.482368
2009-06-23,85.440002,67.643738
2009-06-30,82.839996,65.93206
2009-07-07,83.099998,66.138985
2009-07-14,87.739998,69.83194
2009-07-21,90.629997,72.132072
2009-07-28,92.540001,73.652214
2009-08-04,92.989998,74.010399
2009-08-11,90.550003,72.06842
2009-08-18,94.839996,75.482796
2009-08-25,94.419998,75.148521
2009-09-01,94.07,74.869957
2009-09-08,97.150002,77.321373
2009-09-15,98.589996,78.467445
2009-09-22,97.980003,77.981926
2009-09-29,95.919998,76.724716
2009-10-06,99.269997,79.404305
2009-10-13,101.279999,81.012039
2009-10-20,98.449997,78.748383
2009-10-27,96.25,76.988663
2009-11-03,100.959999,80.756111
2009-11-10,102.519997,82.003891
2009-11-17,102.279999,81.811951
2009-11-24,101.349998,81.068039
2009-12-01,102.080002,81.65197
2009-12-08,103.139999,82.499832
2009-12-15,103.150002,82.507828
2009-12-22,103.809998,83.035744
2009-12-29,104.32,83.974091
2010-01-05,105.660004,85.052742
2010-01-12,104.669998,84.255814
2010-01-19,101.059998,81.349876
2010-01-26,100.379997,80.802513
2010-02-02,97.449997,78.443924
2010-02-09,99.25,79.892891
2010-02-16,102.300003,82.348068
2010-02-23,103.059998,82.959808
2010-03-02,105.209999,84.690506
2010-03-09,106.360001,85.616203
2010-03-16,107.790001,86.767319
2010-03-23,108.07,86.992691
2010-03-30,109.400002,88.421471
2010-04-06,110.290001,89.140816
2010-04-13,110.389999,89.221642
2010-04-20,111.739998,90.312767
2010-04-27,110.860001,89.601517
2010-05-04,106.989998,86.473633
2010-05-11,104.970001,84.840981
2010-05-18,99.160004,80.145119
2010-05-25,100.68,81.373611
2010-06-01,97.110001,78.48822
2010-06-08,100.779999,81.454453
2010-06-15,102.980003,83.23259
2010-06-22,98.93,79.959229
2010-06-29,94.169998,76.500526
2010-07-06,99.389999,80.741104
2010-07-13,98.709999,80.18869
2010-07-20,102.760002,83.478783
2010-07-27,103.790001,84.315514
2010-08-03,104.010002,84.49424
2010-08-10,99.620003,80.927917
2010-08-17,98.550003,80.058716
2010-08-24,96.910004,78.726448
2010-08-31,102.07,82.918251
2010-09-07,103.739998,84.274895
2010-09-14,105.690002,85.859016
2010-09-21,105.120003,85.395981
2010-09-28,104.68,85.469475
2010-10-05,107.339996,87.641304
2010-10-12,109.129997,89.102806
2010-10-19,109.239998,89.192635
2010-10-26,109.139999,89.11097
2010-11-02,112.779999,92.082977
2010-11-09,110.5,90.221405
2010-11-16,110.57,90.278549
2010-11-23,109.699997,89.568214
2010-11-30,113,92.262566
2010-12-07,114.660004,93.617973
2010-12-14,115.279999,94.124184
2010-12-21,115.790001,94.540581
2010-12-28,117.129997,96.042267
2011-01-04,117,95.935699
2011-01-11,119.18,97.723206
2011-01-18,118.980003,97.559196
2011-01-25,118.550003,97.206635
2011-02-01,121.629997,99.732109
2011-02-08,122.949997,100.814438
2011-02-15,123.989998,101.667213
2011-02-22,122.599998,100.527473
2011-03-01,121.050003,99.256531
2011-03-08,119.849998,98.272598
2011-03-15,120.040001,98.428383
2011-03-22,120.639999,98.920349
2011-03-29,122.779999,101.100578
2011-04-05,122.059998,100.507721
2011-04-12,120.300003,99.058495
2011-04-19,123.080002,101.347641
2011-04-26,125.5,103.340309
2011-05-03,124.169998,102.245163
2011-05-10,122.709999,101.042961
2011-05-17,121.650002,100.170128
2011-05-24,122.980003,101.265297
2011-05-31,118.860001,97.872742
2011-06-07,117.599998,96.835258
2011-06-14,118.230003,97.354012
2011-06-21,117.870003,97.057549
2011-06-28,123.410004,102.078926
2011-07-05,121.610001,100.590034
2011-07-12,120.330002,99.531288
2011-07-19,123.309998,101.996223
2011-07-26,118.660004,98.149933
2011-08-02,103.279999,85.428345
2011-08-09,111.199997,91.979378
2011-08-16,103.809998,85.866737
2011-08-23,111.82,92.492218
2011-08-30,108.529999,89.770866
2011-09-06,107.489998,88.910652
2011-09-13,111.410004,92.153091
2011-09-20,107.050003,88.546715
2011-09-27,101.220001,84.15625
2011-10-04,110.110001,91.547569
2011-10-11,110.690002,92.029785
2011-10-18,115.629997,96.137016
2011-10-25,115.550003,96.070488
2011-11-01,116.32,96.710686
2011-11-08,115.559998,96.078819
2011-11-15,110.199997,91.622368
2011-11-22,110.199997,91.622368
2011-11-29,116.230003,96.635841
2011-12-06,114.360001,95.081116
2011-12-13,111.529999,92.728157
2011-12-20,116.470001,96.835403
2011-12-27,115.800003,96.826004
2012-01-03,117.989998,98.65715
2012-01-10,118.779999,99.317696
2012-01-17,121.279999,101.408066
2012-01-24,121.019997,101.190689
2012-01-31,123.959999,103.648956
2012-02-07,124.720001,104.284424
2012-02-14,125.68,105.08712
2012-02-21,126.32,105.622276
2012-02-28,126.080002,105.421585
2012-03-06,126.760002,105.990181
2012-03-13,130.380005,109.017014
2012-03-20,130.479996,109.100632
2012-03-27,130.759995,109.791557
2012-04-03,127.440002,107.003937
2012-04-10,126.300003,106.046761
2012-04-17,126.07,105.853607
2012-04-24,128.949997,108.271812
2012-05-01,126.379997,106.11393
2012-05-08,123.610001,103.788116
2012-05-15,121.620003,102.117226
2012-05-22,121.82,102.285172
2012-05-29,118.220001,99.262451
2012-06-05,121.110001,101.689003
2012-06-12,124.480003,104.518623
2012-06-19,121.040001,101.630249
2012-06-26,125.860001,106.202614
2012-07-03,124.730003,105.2491
2012-07-10,124.849998,105.350342
2012-07-17,124.599998,105.139412
2012-07-24,127.830002,107.864929
2012-07-31,128.690002,108.59063
2012-08-07,129.729996,109.468178
2012-08-14,131.100006,110.624199
2012-08-21,130.419998,110.050407
2012-08-28,130.119995,109.797256
2012-09-04,132.270004,111.611458
2012-09-11,135.300003,114.168236
2012-09-18,134.270004,113.299095
2012-09-25,133.179993,112.92292
2012-10-02,134.320007,113.889519
2012-10-09,132.899994,112.685501
2012-10-16,132.339996,112.210678
2012-10-23,130.320007,110.497917
2012-10-30,130.850006,110.947342
2012-11-06,127.529999,108.132324
2012-11-13,128.279999,108.768211
2012-11-20,130.110001,110.319878
2012-11-27,130.479996,110.633568
2012-12-04,131.410004,111.422127
2012-12-11,132.570007,112.405716
2012-12-18,131.380005,111.396675
2012-12-25,131.369995,112.1465
2013-01-01,134.690002,114.980698
2013-01-08,135.559998,115.723389
2013-01-15,136.979996,116.935616
2013-01-22,138.309998,118.07103
2013-01-29,137.949997,117.763672
2013-02-05,140.009995,119.522247
2013-02-12,140.360001,119.821022
2013-02-19,137.490005,117.370995
2013-02-26,141,120.367378
2013-03-05,143.940002,122.877151
2013-03-12,143.619995,122.604004
2013-03-19,142.940002,122.02346
2013-03-26,143.970001,123.446228
2013-04-02,144.130005,123.58345
2013-04-09,143.169998,122.760277
2013-04-16,144.110001,123.566292
2013-04-23,147.009995,126.052887
2013-04-30,149.240005,127.965012
2013-05-07,150.899994,129.388367
2013-05-14,153.990005,132.037842
2013-05-21,152.509995,130.768799
2013-05-28,151.710007,130.08287
2013-06-04,152,130.331528
2013-06-11,151.710007,130.08287
2013-06-18,144.940002,124.277946
2013-06-25,148.869995,128.255753
2013-07-02,151.300003,130.349304
2013-07-09,155.199997,133.709198
2013-07-16,156.429993,134.768921
2013-07-23,155.5,133.967682
2013-07-30,157.570007,135.751068
2013-08-06,156.059998,134.450134
2013-08-13,152.160004,131.090118
2013-08-20,153.179993,131.968933
2013-08-27,151.039993,130.125214
2013-09-03,154.690002,133.269836
2013-09-10,157.149994,135.389175
2013-09-17,156.830002,135.11351
2013-09-24,155.020004,134.182678
2013-10-01,154.559998,133.784515
2013-10-08,157.779999,136.571701
2013-10-15,160.990005,139.35025
2013-10-22,162.610001,140.752487
2013-10-29,163.179993,141.245834
2013-11-05,163.679993,141.67865
2013-11-12,165.589996,143.331909
2013-11-19,166.669998,144.266678
2013-11-26,166.589996,144.197495
2013-12-03,167.360001,144.863998
2013-12-10,165.399994,143.16748
2013-12-17,168.419998,145.781509
2013-12-24,169.679993,147.634033
2013-12-31,168.399994,146.520355
2014-01-07,167.770004,145.972244
2014-01-14,169.580002,147.547073
2014-01-21,164.330002,142.979187
2014-01-28,160.690002,139.812103
2014-02-04,166.179993,144.588776
2014-02-11,169.880005,147.80809
2014-02-18,170.800003,148.608597
2014-02-25,170.690002,148.512833
2014-03-04,173.679993,151.114395
2014-03-11,172.050003,149.696121
2014-03-18,171.199997,148.956589
2014-03-25,172.630005,150.839737
2014-04-01,170.160004,148.681534
2014-04-08,168.910004,147.58931
2014-04-15,172.729996,150.927109
2014-04-22,172.539993,150.761124
2014-04-29,173.970001,152.010559
2014-05-06,175.229996,153.111557
2014-05-13,174.279999,152.281464
2014-05-20,175.759995,153.574615
2014-05-27,178.089996,155.610535
2014-06-03,180.600006,157.803696
2014-06-10,179.419998,156.772629
2014-06-17,180.990005,158.144501
2014-06-24,180.830002,158.67099
2014-07-01,182.479996,160.118774
2014-07-08,182.509995,160.145142
2014-07-15,182.229996,159.899445
2014-07-22,182.720001,160.329361
2014-07-29,179.080002,157.135422
2014-08-05,179.039993,157.100327
2014-08-12,182.350006,160.00473
2014-08-19,184.850006,162.198334
2014-08-26,185.429993,162.707321
2014-09-02,185.330002,162.619568
2014-09-09,183.789993,161.26825
2014-09-16,183.940002,161.399887
2014-09-23,182.490005,160.840546
2014-09-30,181.330002,159.8181
2014-10-07,173.100006,152.564484
2014-10-14,175.830002,154.970566
2014-10-21,181.169998,159.677078
2014-10-28,186.380005,164.268997
2014-11-04,188.440002,166.08461
2014-11-11,188.820007,166.419556
2014-11-18,191.5,168.781586
2014-11-25,190.100006,167.547699
2014-12-02,190.830002,168.191086
2014-12-09,184.350006,162.479828
2014-12-16,191.630005,168.896149
2014-12-23,192.789993,170.835388
2014-12-30,186.389999,165.16423
2015-01-06,187.149994,165.837692
2015-01-13,186.369995,165.1465
2015-01-20,189.869995,168.24794
2015-01-27,186.559998,165.314865
2015-02-03,189.100006,167.565598
2015-02-10,193.880005,171.80127
2015-02-17,195.139999,172.91777
2015-02-24,195.929993,173.617828
2015-03-03,192.509995,170.587296
2015-03-10,192.759995,170.808792
2015-03-17,193.979996,171.889893
2015-03-24,192.380005,171.298859
2015-03-31,191.910004,170.880356
2015-04-07,193.089996,171.93103
2015-04-14,193.830002,172.58992
2015-04-21,194.639999,173.311218
2015-04-28,195.190002,173.800949
2015-05-05,194.520004,173.20433
2015-05-12,196.830002,175.261185
2015-05-19,196.630005,175.083099
2015-05-26,195.389999,173.979004
2015-06-02,192.470001,171.378967
2015-06-09,193.029999,171.877625
2015-06-16,195.75,174.29953
2015-06-23,189.839996,169.78035
2015-06-30,190.929993,170.755173
2015-07-07,193.850006,173.366608
2015-07-14,196.5,175.736633
2015-07-21,190.940002,170.76413
2015-07-28,193.779999,173.304016
2015-08-04,194.490005,173.939026
2015-08-11,194.470001,173.921097
2015-08-18,175.190002,156.678329
2015-08-25,182.580002,163.287521
2015-09-01,177.919998,159.119858
2015-09-08,180.979996,161.856567
2015-09-15,181.389999,162.223236
2015-09-22,173.589996,156.017975
2015-09-29,183.360001,164.79892
2015-10-06,186.240005,167.38739
2015-10-13,187.770004,168.762604
2015-10-20,191.259995,171.899246
2015-10-27,194.330002,174.658493
2015-11-03,192.149994,172.699173
2015-11-10,189.910004,170.685883
2015-11-17,193.110001,173.562027
2015-11-24,192.610001,173.112564
2015-12-01,192.380005,172.905884
2015-12-08,187.360001,168.394073
2015-12-15,186.300003,167.441315
2015-12-22,189.589996,171.341705
2015-12-29,185.639999,167.771896
2016-01-05,177.490005,160.406342
2016-01-12,173.520004,156.818512
2016-01-19,173.25,156.574402
2016-01-26,179.029999,161.798141
2016-02-02,171.220001,154.739838
2016-02-09,172.410004,155.815308
2016-02-16,179.970001,162.647659
2016-02-23,178.839996,161.626373
2016-03-01,185.350006,167.509781
2016-03-08,187.139999,169.127548
2016-03-15,189.149994,170.944061
2016-03-22,187.839996,170.628174
2016-03-29,190.610001,173.144379
2016-04-05,188.460007,171.19133
2016-04-12,193.350006,175.633301
2016-04-19,192.75,175.088303
2016-04-26,192.190002,174.57959
2016-05-03,190.199997,172.771942
2016-05-10,191.089996,173.580368
2016-05-17,189.490005,172.126968
2016-05-24,194.279999,176.478043
2016-05-31,195.309998,177.413696
2016-06-07,192.610001,174.96109
2016-06-14,192.149994,174.543243
2016-06-21,184.529999,168.418198
2016-06-28,194.080002,177.134369
2016-07-05,197.330002,180.100601
2016-07-12,200.110001,182.637878
2016-07-19,200.279999,182.793045
2016-07-26,200.529999,183.021225
2016-08-02,201.589996,183.988678
2016-08-09,202.589996,184.901337
2016-08-16,202.009995,184.371994
2016-08-23,201.850006,184.225952
2016-08-30,201.889999,184.262497
2016-09-06,199.169998,181.779938
2016-09-13,197.449997,180.992401
2016-09-20,198.110001,181.597412
2016-09-27,199.580002,182.944839
2016-10-04,199.919998,183.256531
2016-10-11,196.520004,180.139969
2016-10-18,198.850006,182.275742
2016-10-25,196.539993,180.158264
2016-11-01,197.139999,180.708252
2016-11-08,200.320007,183.623199
2016-11-15,203.610001,186.638977
2016-11-22,203.990005,186.98732
2016-11-29,204.380005,187.344788
2016-12-06,209.300003,191.854691
2016-12-13,209.880005,192.386353
2016-12-20,208.820007,191.414734
2016-12-27,206.570007,190.486099
2017-01-03,209.460007,193.151062
2017-01-10,210.009995,193.658249
2017-01-17,209.179993,192.892868
2017-01-24,210.649994,194.248444
2017-01-31,211.800003,195.308884
2017-02-07,215.279999,198.517944
2017-02-14,217.520004,200.583542
2017-02-21,219.360001,202.280273
2017-02-28,219.940002,202.815079
2017-03-07,219.919998,202.796646
2017-03-14,219.949997,202.82431
2017-03-21,216.059998,199.237183
2017-03-28,217.699997,201.630463
2017-04-04,217.679993,201.611938
2017-04-11,216.949997,200.935837
2017-04-18,219.320007,203.13092
2017-04-25,220.649994,204.362686
2017-05-02,221.740005,205.372269
2017-05-09,222.210007,205.807556
2017-05-16,221.559998,205.205566
2017-05-23,223.649994,207.141251
2017-05-30,225.619995,208.965866
2017-06-06,225.059998,208.447159
2017-06-13,227.410004,210.623764
2017-06-20,225.130005,208.512024
2017-06-27,224.279999,208.611816
2017-07-04,224.259995,208.593201
2017-07-11,227.220001,211.346451
2017-07-18,228.259995,212.313766
2017-07-25,228.320007,212.369598
2017-08-01,229.389999,213.364807
2017-08-08,228.160004,212.220749
2017-08-15,224.820007,209.11409
2017-08-22,226.350006,210.537247
2017-08-29,229.470001,213.439255
2017-09-05,230.600006,214.490295
2017-09-12,232.190002,215.969223
2017-09-19,230.399994,214.304276
2017-09-26,233.470001,218.220856
2017-10-03,235.039993,219.688293
2017-10-10,236.270004,220.837967
2017-10-17,236.990005,221.510986
2017-10-24,237.729996,222.202621
2017-10-31,239.5,223.857025
2017-11-07,239.059998,223.44577
2017-11-14,238.990005,223.380341
2017-11-21,240.839996,225.109528
2017-11-28,244.5,228.530411
2017-12-05,246.490005,230.390442
2017-12-12,249.360001,233.073044
2017-12-19,247.630005,231.456009
2017-12-26,246.820007,231.747437
2018-01-02,253.720001,238.226074
2018-01-09,257.369995,241.653183
2018-01-16,261.720001,245.737549
2018-01-23,263.640015,247.540298
2018-01-30,244.800003,229.85083
2018-02-06,245.619995,230.620712
2018-02-13,252.839996,237.399826
2018-02-20,257.299988,241.587463
2018-02-27,251.990005,236.60173
2018-03-06,257.850006,242.103867
2018-03-13,251.449997,236.094696
2018-03-20,245.389999,230.40477
2018-03-27,238.360001,224.746796
2018-04-03,241.380005,227.59433
2018-04-10,247.410004,233.279953
2018-04-17,246.75,232.657654
2018-04-24,244.720001,230.743591
2018-05-01,247.059998,232.949966
2018-05-08,252.559998,238.135834
2018-05-15,253,238.550705
2018-05-22,251.960007,237.570114
2018-05-29,254.460007,239.927322
2018-06-05,257.790009,243.067154
2018-06-12,257.149994,242.463669
2018-06-19,251.929993,237.541809
2018-06-26,251.759995,237.381516
2018-07-03,257.220001,243.58902
2018-07-10,258.570007,244.867508
2018-07-17,259.399994,245.653534
2018-07-24,259.019989,245.293625
2018-07-31,263.529999,249.564651
2018-08-07,261.049988,247.216034
2018-08-14,264.470001,250.454834
2018-08-21,268.209991,253.996613
2018-08-28,268.75,254.508011
2018-09-04,266.600006,252.47197
2018-09-11,267.809998,253.617844
2018-09-18,270.670013,256.326233
2018-09-25,270.070007,255.758057
2018-10-02,266.429993,253.387497
2018-10-09,254.190002,241.746719
2018-10-16,254.699997,242.231735
2018-10-23,244.119995,232.169647
2018-10-30,253.149994,240.757629
2018-11-06,252.229996,239.88266
2018-11-13,249.119995,236.924896
2018-11-20,247.589996,235.469833
2018-11-27,258.540009,245.883804
2018-12-04,244.520004,232.55011
2018-12-11,234.910004,223.410553
2018-12-18,216.979996,207.391098
2018-12-25,231.440002,221.212097
2019-01-01,235.449997,225.044891
2019-01-08,238.589996,228.046127
2019-01-15,246.770004,235.864639
2019-01-22,244.309998,233.513321
2019-01-29,251.910004,240.777466
2019-02-05,250.660004,239.582718
2019-02-12,256.899994,245.546951
2019-02-19,258.920013,247.477707
2019-02-26,258.73999,247.305649
2019-03-05,257.959991,246.560135
2019-03-12,262.690002,251.081055
2019-03-19,258.190002,246.779938
2019-03-26,264.589996,254.242523
2019-04-02,267.299988,256.846558
2019-04-09,268.339996,257.845856
2019-04-16,268.600006,258.095703
2019-04-23,271.859985,261.22818
2019-04-30,270.950012,260.35376
2019-05-07,260.01001,249.841675
2019-05-14,262.809998,252.532135
2019-05-21,261.570007,251.340622
2019-05-28,254.110001,244.172363
2019-06-04,267.420013,256.961914
2019-06-11,267.820007,257.346191
2019-06-18,273.019989,262.342896
2019-06-25,273.5,262.804047
2019-07-02,274.670013,265.211121
2019-07-09,278.320007,268.735352
2019-07-16,275.660004,266.166931
2019-07-23,279,269.391968
2019-07-30,262.799988,253.749802
2019-08-06,266.600006,257.418945
2019-08-13,270.48999,261.175049
2019-08-20,266.369995,257.196899
2019-08-27,270.899994,261.570923
2019-09-03,275.839996,266.34079
2019-09-10,277.790009,268.223633
2019-09-17,277.25,267.702179
2019-09-24,274.709991,265.249664
2019-10-01,271.290009,263.123627
2019-10-08,273.929993,265.684174
2019-10-15,277.720001,269.360107
2019-10-22,280.76001,272.308594
2019-10-29,284.420013,275.858429
2019-11-05,285.420013,276.828339
2019-11-12,288.809998,280.116241
2019-11-19,290.01001,281.280151
2019-11-26,288.290009,279.611908
2019-12-03,290.480011,281.736023
2019-12-10,295.730011,286.827972
2019-12-17,297.429993,288.476746
2019-12-24,297.269989,289.652588
2019-12-31,299.649994,291.971588
2020-01-07,303.630005,295.849609
2020-01-14,307.51001,299.630188
2020-01-21,299.600006,291.922852
2020-01-28,300.170013,292.478271
2020-02-04,309.869995,301.929626
2020-02-11,312.630005,304.618958
2020-02-18,298.470001,290.821808
2020-02-25,286.029999,278.700592
2020-03-03,253.220001,246.731339
2020-03-10,220.139999,215.36998
2020-03-17,206.440002,201.966827
2020-03-24,242.429993,237.177002
2020-03-31,245.940002,240.610962
2020-04-07,255.089996,249.562683
2020-04-14,260.829987,255.178284
2020-04-21,265.980011,260.216736
2020-04-28,262.720001,257.027313
2020-05-05,270.980011,265.108398
2020-05-12,273.339996,267.417236
2020-05-19,273.619995,267.691193
2020-05-26,283,276.86795
2020-06-02,299.470001,292.981079
2020-06-09,284.26001,278.100647
2020-06-16,289.070007,282.806396
2020-06-23,281.76001,275.654816
2020-06-30,293.519989,288.527252
2020-07-07,291.339996,286.384369
2020-07-14,300.320007,295.211639
2020-07-21,299.209991,294.120483
2020-07-28,304.399994,299.222198
2020-08-04,310.579987,305.297089
2020-08-11,312.720001,307.400696
2020-08-18,317.429993,312.030579
2020-08-25,324.589996,319.068817
2020-09-01,317.220001,311.824158
2020-09-08,313.339996,308.010132
2020-09-15,303.890015,298.720917
2020-09-22,309.230011,303.970062
2020-09-29,314.600006,310.50174
2020-10-06,326.309998,322.059204
2020-10-13,316.440002,312.31778
2020-10-20,314.079987,309.988525
2020-10-27,305.76001,301.776917
2020-11-03,328.079987,323.806122
2020-11-10,335.299988,330.932068
2020-11-17,330.899994,326.589386
2020-11-24,335.070007,330.705109
2020-12-01,341.690002,337.238861
2020-12-08,337.690002,333.290985
2020-12-15,340.839996,336.399872
2020-12-22,344.630005,341.443817
2020-12-29,341.5,338.342743
2021-01-05,350.790009,347.546906
2021-01-12,347.940002,344.723236
2021-01-19,356.019989,352.728546
2021-01-26,348.660004,345.436615
2021-02-02,361.769989,358.425385
2021-02-09,363.700012,360.337555
2021-02-16,358.459991,355.145966
2021-02-23,360.910004,357.573334
2021-03-02,353.559998,350.29129
2021-03-09,367.390015,363.993439
2021-03-16,364.829987,361.457092
2021-03-23,366.48999,363.101746
2021-03-30,376.459991,374.191254
2021-04-06,381.200012,378.90271
2021-04-13,384.5,382.1828
2021-04-20,386.799988,384.468933
2021-04-27,387.309998,384.975861
2021-05-04,387.049988,384.717407
2021-05-11,384.869995,382.550568
2021-05-18,388.170013,385.830688
2021-05-25,388.910004,386.566223
2021-06-01,391.100006,388.743011
2021-06-08,393.880005,391.506287
2021-06-15,391.130005,388.772827
2021-06-22,396.019989,393.633362
2021-06-29,401.839996,400.664734
2021-07-06,404.910004,403.725769
2021-07-13,393.309998,392.159698
2021-07-20,408.48999,407.295288
2021-07-27,405.320007,404.134583
2021-08-03,409.600006,408.402069
2021-08-10,414.109985,412.898834
2021-08-17,414.279999,413.068359
2021-08-24,418.880005,417.654907
2021-08-31,419.649994,418.422638
2021-09-07,413.540009,412.330536
2021-09-14,403.390015,402.210236
2021-09-21,411.329987,410.126984
2021-09-28,397.040009,395.878784
2021-10-05,402.779999,402.779999
2021-10-12,414.390015,414.390015
2021-10-19,421.820007,421.820007
2021-10-26,426.25,426.25
2021-11-02,434.480011,434.480011
2021-11-09,432.910004,432.910004
